Country,Diocese,Name,From,To,Bio Link,German Bio,English Bio,Archbishop
Denmark,Aalborg,Magnus,1060/65,1060/65,,,,
Denmark,Aalborg,Albricus,1060/65,,,,,
Denmark,Aalborg, Henricus,1086,,,,,
Denmark,Aalborg,Ketillus, ?,1134,,,,
Denmark,Aalborg,Sylvester,1134, ?,,,,
Denmark,Aalborg,Tyge,1145,1177,,,,
Denmark,Aalborg,Rudolf, ?,1252,,,,
Denmark,Aalborg,Elav Glob,1252,1260,,,,
Denmark,Aalborg,Johannes,1264,1280,,,,
Denmark,Aalborg,Tyge Klerk,1328,1341,,,,
Denmark,Aalborg, Anders,1340-44,1354,,,,
Denmark,Aalborg,Mogens Jensen Grubbe,,1369,,,,
Denmark,Aalborg,Svend,1370,1396,,,,
Denmark,Aalborg,Peder Friis,1396/97,1425,,,,
Denmark,Aalborg,Gert Pedersen Gyldenstierne,1425,1452,,,,
Denmark,Aalborg,Jep Friis,1453,1486,,,,
Denmark,Aalborg,Niels Styggesen Rosenkrantz,1486,1519,,,,
Denmark,Aalborg,Stygge Krumpen,1519,1536,,,,
Denmark,Aalborg,Peder Thomesen,1536,1548,,,,
Denmark,Aalborg,Oluf Chrysostomus,1548,1553,,,,
Denmark,Aalborg,Laurids Nielsen,1554,1557,,,,
Denmark,Aalborg,Jørgen Mortensen Bornholm,1557,1587,,,,
Denmark,Aalborg,Jacob Jensen Holm,1587,1609,,,,
Denmark,Aalborg,Christen Hansen,1609,1642,,,,
Denmark,Aalborg,Anders Andersen Ringkjøbing,1642,1668,,,,
Denmark,Aalborg,Morits Kønning,1668,1672,,,,
Denmark,Aalborg,Mathias Foss,1672,1683,,,,
Denmark,Aalborg,Henrik Bornemann,1683,1693,,,,
Denmark,Aalborg,Jens Bircherod,1693,1708,,,,
Denmark,Aarhus,Reginbrand,948,,https://de.wikipedia.org/wiki/Reginbrand,"Reginbrand († 988) war der erste Bischof von Aarhus.  Er empfing 948 durch Erzbischof Adaldag von Hamburg-Bremen mit ausdrücklicher Erlaubnis von Papst Agapitus II. die Bischofsweihe. Mit zwei weiteren Bischöfen neuer Bistümer, nämlich Hored (Oredo) in Schleswig und Leofdag in Ribe, nahm er am 7. Juni 948 an der Universalsynode von Ingelheim teil. Dies bezeichnete einen bedeutenden Fortschritt in der Geschichte der dänischen Kirche, denn von nun an konnten alle liturgischen Feiern von einheimischen Bischöfen durchgeführt werden.  Nach Reginbrands Tod wurden die drei Diözesen in Jütland gemeinsam verwaltet. Erst um 1060 wurde Aarhus wieder Bischofssitz. ",,
Denmark,Aarhus,Christian Christiern,1060,,,,,
Denmark,Aarhus,Ulkil oder Ulkeld Ulfketel,1102,1134,,,,
Denmark,Aarhus,Illuge,1134,,,,,
Denmark,Aarhus,Eskil,1157,,,,,
Denmark,Aarhus,Svend I.,1165,1191,,,,
Denmark,Aarhus,Peder Vognsen,1191,1204,,,,
Denmark,Aarhus,Skjalm Vognsen,1204,1215,,,,
Denmark,Aarhus,Ebbe Vognsen,1215,1224,,,,
Denmark,Aarhus,Peder Elavsøn,1224,1246,,,,
Denmark,Aarhus,Vacant,1246,1249,,,,
Denmark,Aarhus,Peder Ugotsøn,1249,1260,,,,
Denmark,Aarhus,Tyge I. gegen den vom Erzbischof favorisierten Arnfast,1261,1272,,,,
Denmark,Aarhus,Peder IV.,1272,1276,,,,
Denmark,Aarhus,Tyge II.,1276,1288,,,,
Denmark,Aarhus,Jens Assersøn,1288,1306,,,,
Denmark,Aarhus,Esger Juul,1306,1310,,,,
Denmark,Aarhus,Esger Bonde,1310,1325,,,,
Denmark,Aarhus,Svend II.,1325,1352,,,,
Denmark,Aarhus,Poul,1352,1369,,,,
Denmark,Aarhus,Oluf,1369,1386,,,,
Denmark,Aarhus,Peder Jensen Lodehat,1386,1395,https://de.wikipedia.org/wiki/Peder_Jensen_Lodehat,"Peder Jensen Lodehat, latinisiert Petrus Johannis Lodehat († 19. Oktober 1416) war ein dänischer Bischof und enger Vertrauter der Regentin Margarethe I.  Seine Eltern, sein Geburtsort und sein Geburtsdatum sind nicht bekannt.  Er gehörte einem Adelsgeschlecht aus Seeland an. Dieses führte in seinem Wappen einen Männerkopf mit einer runden Kopfbedeckung ähnlich einem Judenhut. Daher stammte auch ihr Beiname, den die Familienmitglieder selbst nie benutzten. Peder Jensen wird das erste Mal im November 1375 erwähnt, als Margarethe I. den Kanoniker Peder Jensen unmittelbar nach dem Tod seines Vaters im Dom zu Roskilde mit Landbesitz in Udby belehnt. 1382 verschaffte sie ihm das Bistum Växjö. Es gehörte zu ihrer Politik, die Bistümer mit gut ausgebildeten Männern des niederen Adels zu besetzen, die ihr dann treu ergeben waren.[1] Ihr politisches Ziel war es, eine möglichst breite loyale Unterstützung für die Wahl ihres Sohnes Olav zum König zu gewinnen.[2]  Als 1386 das Bistum Aarhus vakant wurde, wurde Peder Jensen dorthin versetzt. Im folgenden Jahr beteiligte er sich als dänischer Reichsrat an der Wahl Margarethes I. zum „bevollmächtigten Vormund des Reiches“. Von da an blieb er bis zu ihrem Tod als Freund und Ratgeber an ihrer Seite. 1395 übernahm er das Bistum Roskilde, wurde Reichskanzler und verwahrte das Reichssiegel.  Er nahm 1395 an wichtigen Unionstreffen in Helsingborg und auf Lindholmen und im folgenden Jahr an der Zusammenkunft mit Gerhard VI. in Assens teil, als die Frage der Lehnsverpflichtungen der Schaumburger gegenüber dem neugewählten König Erich erstmals aufkam. 1397 besiegelte er mit anderen den Unionsvertrag von Kalmar. Er unterstützte mit den Mitteln seines Bistums Margarethe auch finanziell. 1401 hatte er gegen diese eine Darlehensforderung von mindestens 40.000 Lübische Mark und bekam Skanør und Falsterbo mit den dazugehörenden Zolleinnahmen als Pfand, das 1407 wieder eingelöst wurde. Er kümmerte sich besonders um das von Margarethe gegründete Nonnenkloster der Dominikaner der Heiligen Agnethe (Agnes) in Gaunø. Er wurde auch damit betraut, die großen finanziellen Stiftungen Margaretes für Kirchen, Klöster und Arme in allen drei Reichen zu verwalten. Im Juli 1413 fällte er das Urteil auf dem Lehnsgericht in Nyborg gegen den holsteinischen Adel und erklärte die Familie von Heinrich III. von Schauenburg-Holstein des Lehens von Schleswig wegen Rechtsbruchs für verlustig.  Neben seinem politischen Wirken setzte er sich auch für die kirchlichen Belange ein. Im Dom zu Aarhus stiftete er einen Altar zum Heiligen Kreuz und im Dom zu Roskilde baute er eine Kapelle, die dem Heiligen Siegfried, dem Schutzpatron von Växjö, geweiht war.  Der Artikel beruht im Wesentlichen auf dem Artikel von Thelma Jexlev, Henry Bruun. ",,
Denmark,Aarhus,Bo Mogensen,1395,1424,,,,
Denmark,Aarhus,Ulrik Stygge,1424,1449,,,,
Denmark,Aarhus,Jens Iversen Lange,1449,1482,,,,
Denmark,Aarhus,Ejler Madsen Bølle,1482,1490,,,,
Denmark,Aarhus,Niels Clausen,1490,1520,,,,
Denmark,Aarhus,Ove Bille,1520,1536,,,,
Denmark,Aarhus,Mads Lang,1537,1557,,,,
Denmark,Aarhus,Lauritz Bertelsen,1557,1587,,,,
Denmark,Aarhus,Peder Jensen Vinstrup,1587,1590,,,,
Denmark,Aarhus,Albert Hansen,1591,1593,,,,
Denmark,Aarhus,Jens Gjødesen,1593,1626,,,,
Denmark,Aarhus,Morten Madsen,1626,1643,,,,
Denmark,Aarhus,Jacob Matthiesen,1645,1660,,,,
Denmark,Aarhus,Hans Brochmand,1660,1664,,,,
Denmark,Aarhus,Erik Grave,1664,1691,,,,
Denmark,Aarhus,Johannes Braem,1691,1713,,,,
Denmark,Faroer,Bernhard Sakseren,1047,1067,,,,
Denmark,Faroer,Gudmund,1100,1137,,,,
Denmark,Faroer,Orm,1138,,,,,
Denmark,Faroer,Vacant,1158,1162,,,,
Denmark,Faroer, –Roe,1162,1174,,,,
Denmark,Faroer,Olav,1213,1214,,,,
Denmark,Faroer,Sverker,1216,1237,,,,
Denmark,Faroer,Nikolaus,1245?,,,,,
Denmark,Faroer,Peter,1246,1257,,,,
Denmark,Faroer,Gaute,1261/62,1268,,,,
Denmark,Faroer,Erland,1269,1308,https://de.wikipedia.org/wiki/Erland_von_den_F%C3%A4r%C3%B6ern,"Erland von den Färöern (aus Bergen; † 13. Juni 1308 ebenda; färöisch Erlendur, norwegisch Erlend) war 1269 bis 1308 Bischof in Kirkjubøur, Färöer.  Erlendur war Lehrer und Domherr in Bergen, als er im Januar 1269 zum Bischof der Färöer geweiht wurde. Er spielte nicht nur in kirchlicher, sondern auch in politischer Hinsicht eine bedeutende Rolle auf den Färöern und in Norwegen. Er war beispielsweise einer der sieben Bischöfe, welche die Krönung und Vereidigung von Erik Magnusson am 25. Juli 1280 in Bergen überwachten.  Erlendur hatte seinen Sitz im alten Bauernhof Kirkjubøargarður und ließ nebenan die Magnuskathedrale bauen. 1298 schrieb er zusammen mit Lagmann Sigurd von Shetland im Auftrag von Herzog Håkon Magnusson das älteste bekannte Dokument der Färöer, den Schafsbrief.  Möglicherweise war Erlendur auch bei Håkon Magnussons Krönung zum König Håkon V. am 1. November 1299 in Nidaros, doch darüber existieren keine Dokumente. Erst am 5. Dezember 1305 taucht Erlendur wieder auf als Beistand bei der Weihe des Domherren Arne Sigurdsson zum Bischof von Bergen. An dieser Zeremonie nahm auch König Håkon teil. Erlends Position kommt auch dadurch zum Ausdruck, dass er einer der sechzehn Geistlichen war, die am 10. Dezember 1305 einen Erlass des Königs gegenzeichneten, in dem dieser unter anderem seiner Gemahlin Eufemia von Rügen die Insel Bygdøy bei Oslo schenkte. Danach taucht er noch in weiteren Dokumenten prominenter Zeitgenossen auf.  Später verschlechterte sich das Verhältnis von Bischof Erlendur zu König Håkon, indem gegenseitig schwere Vorwürfe erhoben wurden. Insbesondere wurde ihm vorgeworfen, auf den Färöern alle Steuern und den ganzen Grund und Boden einzuziehen. Letztlich scheint Erlendur (und mit ihm die Kirche) erfolgreich gewesen zu sein, denn nie zuvor besaß die Kirche auf den Färöern so viel Macht und Land − doch die Färinger begehrten auf. Die Legende sagt, dass Erlendur bei einem Kampf in der Domkirche zu Kirkjubøur getötet wurde, als in einer Art Bürgerkrieg die Bewohner des Nordens der Färöer, auf deren Seite er stand, denen des Südens unterlegen waren. Sehr viel wahrscheinlicher ist aber, dass er die Färöer verlassen musste wegen seiner wachsenden Unbeliebtheit als gieriger Steuereintreiber.  Ein Brief seines Freundes Bischof Arne von Bergen vom 22. Juni 1308 an dessen Kollegen auf Skåholt (Island) und Grönland deutet darauf hin, dass Erlendur am 13. Juni 1308 keineswegs in Kirkjubøur starb, sondern wahrscheinlich in Bergen. Nach Erlends Tod gab es die nächsten vier bis fünf Jahre keinen Bischof auf den Färöern, weil sich Arne von Bergen und Erzbischof Jørund von Nidaros nicht auf einen Nachfolger einigen konnten. Am Ende setzte sich Jørunds Vorschlag nach Einschaltung von Erzbischof Nikolaus von Uppsala durch, und Lodin von Borgund wurde Bischof der Färöer.  Angeblich ist Erlendur in Kirkjubøur begraben. 1420 soll der färöische Bischof Jon der Deutsche Erlends Leiche exhumiert haben, weil es Anzeichen dafür gab, dass er heiliggesprochen werden sollte. Angeblich wurde ein Runenstein gefunden, der in lateinischer Sprache eine Lobpreisung auf Erlendur gewesen sein soll und davon berichtete, dass seine Domkirche niederbrannte, weswegen er sie in Stein wieder aufbauen ließ (den Magnusdom).  Eine Skulptur von Erlendur steht in der Westfront des Nidarosdoms in Trondheim, Norwegen. ",,
Denmark,Faroer,Lodin,1313,1316,,,,
Denmark,Faroer,Signar,1320,,,,,
Denmark,Faroer,Håvard,1343,1348,,,,
Denmark,Faroer,Arne I.,1350,1359,,,,
Denmark,Faroer,Arne II.,1359,1369,,,,
Denmark,Faroer,Rikard,1381,0,,,,
Denmark,Faroer,Vilhelm Northbrigg William Norbourgh,1378,1389,,,,
Denmark,Faroer,Halgeir -?,1392,0,,,,
Denmark,Faroer,Jon der Deutsche Johannes Teutonicus,1408,1430/31,,,,
Denmark,Faroer,Severinus,1432,1434,,,,
Denmark,Faroer,Jon der Dominikaner,1434,0,,,,
Denmark,Faroer,Jon Scheffckin,1434,,,,,
Denmark,Faroer,Hemming,1441/42,1451,,,,
Denmark,Faroer,Jon IV.,1453,,,,,
Denmark,Faroer,Ámundur Ólavsson Amund,1532,1538,,,,
Denmark,Faroer,"Jens Riber, erster lutherischer und letzter Bischof",1540,1556,https://de.wikipedia.org/wiki/Jens_Riber,"Jens Gregersen Riber oder Jens Gregoriussen Riber oder Jens Gregerssøn Riber (* 1480 (?) in Ribe, Dänemark; † 9. August 1571 in Stavanger, Norwegen) war der erste lutherische Bischof auf den Färöern und später in Stavanger.  Riber war Kapellan an der Domkirche zu Bergen, als er 1540 von König Christian III. zum Superintendenten über die Färöer berufen wurde, um die Reformation auf den Färöern einzuführen. Er löste den letzten katholischen Bischof Ámundur Ólavsson ab und nahm dessen Sitz in Kirkjubøur ein.  1556 oder 1557 verließ er wieder die Färöer. Der spätere Chronist Lucas Debes schreibt, dass Riber aus Furcht vor Piraten geflohen sei, nachdem diese den Bischofssitz in Kirkjubøur überfallen hätten. Absalon Pederssøn Beyer, der selbst an der Domkirche zu Bergen arbeitete, erwähnt aber nichts dergleichen, sondern berichtet, dass Riber nach Kopenhagen gefahren sei und um eine Entlassung aus dem Amt auf den Färöern bat, weil er dort zu viele Widersacher und keine große Autorität gehabt hätte.[1]  Der färöische Historiker Hans Jacob Debes hält es für wahrscheinlich, dass sich die Färinger schwertaten, die neue Konfession anzunehmen. Ein Reformationsstreit, der überall im dänisch-norwegischen Reich stattgefunden haben muss, denn Christian III. verlangte in einem Rundschreiben an alle Superintendenten die Durchführung spezieller Gebetstage, da „sich Sünde und das Böse vermehren und Zeremonien nicht eingehalten werden“. Tatsächlich sollen viele Färinger nur unwillig den Zehnten an die neue Kirche abgeführt und am katholischen Glauben festgehalten haben, zumal die Reformation den Färöern von außen oktroyiert wurde.[1]  Als Jens Riber aus dem Amt schied, wurde das Bistum Färöer niedergelegt, und die Färöer wurden eine Propstei des Bistums Bjørgvin (Bergen).  Riber wurde 1557 Bischof von Stavanger, obwohl er als charakterlich schwach und uninteressiert galt. Das Dansk biografisk leksikon spricht sogar vom „größten Missgriff in der norwegischen Kirchengeschichte“.[2] Aus dieser Zeit sind keine herausragenden Dinge überliefert, außer dass er 1564 zum Umbau des Doms von Stavanger beitrug, indem er unter anderem eine Sondersteuer zum Erhalt des heruntergekommenen Bauwerks durchsetzte.  1565 stellte man ihm den ambitionierten Gemeindepfarrer und Lehrer Jakob Matsson zur Seite, aber als dieser 1569 starb, verschlechterte sich die Zustand im Bistum noch einmal. 1571 griff der Lehnsherr von Bergenhus, Mads Skeel, ein und ernannte Jørgen Erikson (Erikssøn) zum Assistenten des nunmehr 90-jährigen Riber, der sich aber weigerte, etwas von seinen Einkünften an Erikson abzutreten. Eriksen kehrte unverrichteter Dinge nach Bergen zurück und ging nach Kopenhagen, wo König Friedrich II. Bischof Riber endlich absetzte und Erikson als neuen Superintendenten von Stavanger einsetzte.  Jens Riber erfuhr von seiner Absetzung nichts mehr, weil er vorher verstarb. ",,
Denmark,Faroer,auf Seite Chapter Religion—1100 to,1538,,,,,
Denmark,Funen,Odinkar Hvide,988,10??,,,,
Denmark,Funen,Reiner I.,1022,10??,,,,
Denmark,Funen,Gilbert,1048,1072,,,,
Denmark,Funen,Hubald,1101,11??,,,,
Denmark,Funen,Hermann,1136,1138,,,,
Denmark,Funen,Ricolf,1138,1163,,,,
Denmark,Funen,Linus,1163,11??,,,,
Denmark,Funen,Simon,1170,1186,,,,
Denmark,Funen,Johann I.,1186,1213,,,,
Denmark,Funen,Lojus,1213,1236,,,,
Denmark,Funen,Iver,12??,1245,,,,
Denmark,Funen,Niels,1245,1247,,,,
Denmark,Funen,Jakob,1247,1252,,,,
Denmark,Funen,Reiner II.,1252,1267,,,,
Denmark,Funen,Peter,1267,1276,,,,
Denmark,Funen,Johann II.,1277,1286,,,,
Denmark,Funen,Gisiko,1286,1300,,,,
Denmark,Funen,Niels Jonassøn Jonsen,1340,1362,,,,
Denmark,Funen,Erik Johansen Krabbe,1362,1376,,,,
Denmark,Funen,Waldemar Podebusk,1376,1392,,,,
Denmark,Funen,Theus Podebusk  Teze,1392,1400,,,,
Denmark,Funen,Jens Ovesen,1400,1420,,,,
Denmark,Funen,Navne Jensen,1420,1440,,,,
Denmark,Funen,Henning Torkildsen Ulfeld  Henneke Torkilsen,1440,1460,,,,
Denmark,Funen,Mogens Krafse,1460,1474,,,,
Denmark,Funen,Karl Rønnow,1475,1501,,,,
Denmark,Funen,Jens Andersen Beldenak,1501,1517,,,,
Denmark,Funen,Knud Henrikssen Gyldenstjerne,1529,1534,,,,
Denmark,Funen,Gustav Trolle,1534,1535,https://de.wikipedia.org/wiki/Gustav_Trolle,"Gustav Eriksson Trolle (* um 1488 in Bergkvara, Småland; † 1535 auf der Insel Fünen, Dänemark) war Sohn von Erik Arvidsson Trolle und schwedischer Erzbischof.  In der Entstehungsgeschichte des schwedischen Staates spielt Gustav Trolle eine kaum zu unterschätzende Rolle. Seine Unterstützung für den dänischen König Christian II. führte zu einem Konflikt mit dem schwedischen Reichsverweser Sten Sture dem Jüngeren und schließlich zu seiner Absetzung als Erzbischof. Dieser Umstand war entscheidend beim Stockholmer Blutbad, welches zunächst zwar ein herber Rückschlag für die Herauslösung Schwedens aus der Kalmarer Union war, doch entscheidend die Einheit im Land stärkte. Gustav Vasa konnte mit Hilfe der Landbevölkerung die Dänen zurückschlagen und legte später als König die Grundsteine für den schwedischen Staat.  Nach einigen Jahren Studium in Köln und Rom wurde der Sproß der Familie Trolle 1513 zum Dekan von Linköping ernannt. In Schweden war er einer der meist gebildeten und mächtigsten Männer seiner Zeit. Ein Jahr später wurde er Erzbischof in Uppsala, wo er die Nachfolge von Jakob Ulvsson antrat.  Schweden befand sich seit 1397 in der Kalmarer Union, einem Bund, der die Staaten Dänemark, Schweden und Norwegen unter einem König vereinte. Jedes Land behielt dabei seinen eigenen Rat. Da ein großer Teil Finnlands von Schweden regiert wurde, und Island zur norwegischen Krone gehörte, umfasste die Kalmarer Union nahezu den gesamten Norden Europas. Dänemark war hierbei die beherrschende Macht, während die Union in Schweden nur von wenigen Adeligen getragen wurde. Aufstände gegen die Union fanden immer wieder statt, wobei die Dänen stets Truppen schickten, um die Ordnung wiederherzustellen.  Genau wie seine Vorgänger begann Trolle eine unionsfreundliche Politik. Schon 1515 geriet er deshalb in Konflikt mit dem schwedischen Reichsverweser Sten Sture dem Jüngeren, der Schweden aus der Union herauslösen wollte und vergeblich versuchte, Trolle auf seine Seite zu ziehen. Als klar war, dass Trolle dem dänischen König Christian II. zuarbeiten würde, um die Union auch in Schweden zu stärken, ließ Sture Trolles Burg Almarestäket im Herbst 1516 belagern. Ein militärischer Konflikt mit Dänenkönig Christian II. stand kurz bevor, so dass Sture, oder „Herr Sten“, wie er in der Sture-Chronik genannt wird, Trolle entmachten musste, bevor dieser Anhänger unter den Adeligen Schweden sammeln konnte. Als Sture Trolles Burg 1517 einnehmen konnte, ließ er Trolle verhaften. Die Burg wurde dem Erdboden gleichgemacht und Trolle auf Beschluss des Ständereichstags als Erzbischof abgesetzt. Dieser Beschluss, der von den Ratsmitgliedern per Siegel bekräftigt wurde, diente später als Beweismaterial beim Stockholmer Blutbad.  Die Invasion der Dänen begann im Winter 1519–1520. Christian II. nahm die Entmachtung Trolles als Anlass, für die Wiederherstellung der Ordnung in Schweden zu sorgen, und marschierte mit seiner Armee in Schweden ein. Sein Heer bestand aus Berufssoldaten, Söldnern, die er aus ganz Europa angeworben hatte und die erbarmungslos und kampferprobt waren. Stures Männer waren überwiegend Bauernsoldaten, denen Steuerfreiheit versprochen wurde, wenn sie ihr Land verteidigten. Die Schlacht bei Bogesund, heute Ulricehamn am See Åsundens im heutigen Västergötland, war eine für die Dänen wie auch für die Schweden entscheidende Schlacht. Im Kampfverlauf wurde Reichsverwalter Sten Sture der Jüngere von einer Kanonenkugel getroffen und starb wenig später an seinen Verletzungen. Dänenkönig Christian II. ging siegreich aus der Schlacht hervor, und zog weiter bis nach Stockholm. Mit dem Tod Stures fehlte eine starke Führungsperson auf schwedischer Seite. Seine Frau Kristina Gyllenstierna übernahm zwar das Kommando des Widerstands gegen die Union, aber es gelang ihr nicht, eine klare Einheit hinter sich zu vereinen. Schließlich gelang es den Dänen, Schweden im Herbst 1520 zu besetzen, wobei sich die Stadt Stockholm, unter der Leitung von Kristina Gyllenstierna, noch behaupten konnte. Christian II. ließ Trolle als Erzbischof wiedereinsetzen und erließ eine Amnestie, die seinen Gegnern Straffreiheit garantierte, wenn er, Christian selbst, als Unionskönig anerkannt würde. Kristina Gyllenstierna und die am Widerstand beteiligten schwedischen Adeligen gingen auf das Amnestieangebot ein. Am 4. November 1520 wurde Christian II. durch Erzbischof Gustav Trolle in Stockholm zum König von Schweden und damit zum König der gesamten Union gekrönt.  Es folgten Festlichkeiten, die drei Tage lang andauerten und an denen ebenfalls Kristina Gyllenstierna und Adelige des Widerstands teilnahmen. Aufgrund der ausgesprochenen Amnestie fühlte man sich sicher. Am Abend des dritten Tages aber ließ der König alle schwedischen Adeligen in einen Raum rufen und um sich versammeln. Die Türen wurden geschlossen und mit Wachen besetzt. In einem kurzen Prozess wurden die Anwesenden der Ketzerei beschuldigt, wobei Gustav Trolle eine entscheidende Rolle zukam: durch die Amnestie konnte niemand für den Widerstand gegen die Union verurteilt werden. Dies war durch den König garantiert. Doch die Absetzung des Erzbischofs im Jahr 1517 war Ketzerei und ein Verbrechen gegen die Kirche, gegen das der König keine Amnestie erlassen konnte. Der damalige Beschluss mit den Unterschriften der Ratsmitglieder wurde hervorgeholt und 94 Personen zum Tode verurteilt. Damit hatte Christian II. einen Weg gefunden, sich seiner Gegnerschaft mit einem Mal zu entledigen.  Die Hinrichtungen wurden kurz darauf auf dem Marktplatz (Stortorget) in Stockholm ausgeführt und dauerten 2 Tage. Man ließ die Leichen zunächst liegen, schaffte sie dann auf eine Bergkuppe auf der benachbarten Insel Södermalm, wo sie in einem weithin sichtbaren Feuer verbrannt wurden. Sogar die Gebeine des ehemaligen Reichsverwalters Sten Sture des Jüngeren wurden ausgegraben und mit den anderen Leichen verbrannt. Dieses Ereignis ging als das „Stockholmer Blutbad“ in die Geschichte ein.  Das Blutbad in Stockholm war Auslöser für einen großangelegten Aufruhr in der schwedischen Bevölkerung. Dem jungen Adeligen Gustav Vasa gelang es, eine Armee von Bauern hinter sich zu vereinen, die im Stande war, die Dänen innerhalb von nur drei Jahren aus Schweden zu vertreiben. Vasa wurde 1523 in Strängnäs durch den Reichstag zum schwedischen König ernannt und 1528 im Dom zu Uppsala gekrönt.  Aufgrund der Geschehnisse erkannte Gustav Vasa Trolle nicht als Erzbischof an. Es kam zu Streitigkeiten mit dem Papst in Rom, der Trolle stützte. Infolgedessen wandte sich Vasa von der katholischen Kirche ab und leitete die Reformation in Schweden ein. Die Kirche wurde verstaatlicht, wobei ihr Besitz an den Staat überging (Schwedische Staatskirche).  Bereits 1521 flüchtete Trolle wegen Aufständen in Småland und Dalarna nach Dänemark. Dort setzte er seinen Kampf an der Seite Christians fort. 1534 wurde er Bischof von Fünen in Odense. Bei der Schlacht von Øksnebjerg 1535 auf der Insel Fünen wurde er verwundet und starb in Gefangenschaft nach dem 11. Juni 1535 in Gottdorf. ",,
Denmark,Funen,Jacob Madsen Vejle,1587,1606,https://de.wikipedia.org/wiki/Jacob_Madsen_Vejle,"Jakob Madsen Vejle (auch: Jacob Matthias Villus, Jacon Matthiesen Viellg; * 24. Juli 1538 in Vejle; † 24. September 1606 in Odense) war ein dänischer evangelischer Bischof von Fünen.  Jakob Madsen war der Sohn des Bürgermeisters in Vejle Nils Madsen († 1539) und dessen Frau Ellen (Lene) Kristen († 1556), der Tochter des Bürgermeisters Nils Kristen in Varde.[1] Er hatte anfänglich die Schule seiner Heimatstadt besucht. 1548 wechselte er auf die Schule in Ribe, 1551 an die Schule in Odense, 1553 an die Schule Viborg und 1555 bezog er die Universität Kopenhagen. Nach der Absolvierung seiner akademischen Grundausbildung reiste er 1561 an die Universität Löwen und an die Universität Paris. Seine Studien setzte er am 4. Dezember 1562[2] an der Universität Wittenberg fort und erwarb sich dort am 10. August 1563 den akademischen Grad eines Magisters der Philosophie.[3]  Zurückgekehrt nach Dänemark war er zunächst an der Frauenkirche in Kopenhagen tätig, hielt Vorlesungen an der Universität und wartete auf die Gelegenheit zu einer wirksameren Verwendung seiner Person im dänischen Staatsdienst. 1565 wurde er dann Rektor der Stadtschule in Ribe, übernahm 1567 ein Pfarramt am Dom zu Ribe und erhielt 1568 ein Kanonikat im Domkapitel. Als theologischer Gutachter war er 1572 an den Hexenprozessen in Ribe beteiligt und später an Regeln für Hochzeiten. 1587 wurde er zum Bischof von Fünen gewählt. Jedoch wünschte sich ihn seine Gemeinde wieder zurück. Auf Intervention des Königs wurde er 1588 in der Kirche St. Knud in Odense von seinem Vetter Bischof Hans Laugesen aus Ribe geweiht. Er beteiligte sich an der Beseitigung katholischer Relikte in seinem Bistum und verbot 1595 die Konkordienformel. 1596 nahm er an der feierlichen Krönung Christians IV. teil.  Aus seiner am 18. Oktober 1566 geschlossenen Ehe mit Karen (* um 1548; † 4. Mai 1615), der Tochter des Ratmanns in Ribe Jens Bagge, sind 13. Kinder hervorgegangen. Bekannt sind:   ",,
Denmark,Funen,Hans Knudsen Vejle,1606,1616,,,,
Denmark,Funen,Hans Mikkelsen,1616,1651,,,,
Denmark,Funen,Laurids Jacobsen Hindsholm,1651,1663,,,,
Denmark,Funen,Niels Hansen Bang,1663,1676,,,,
Denmark,Funen,Thomas Kingo,1677,1703,https://de.wikipedia.org/wiki/Thomas_Kingo,"Thomas Hansen Kingo (* 15. Dezember 1634 in Slangerup Kommune; † 14. Oktober 1703 in Odense) war ein dänischer lutherischer Bischof und Dichter von Kirchenliedern, den sogenannten Kingopsalmen.  Thomas Kingo ist Sohn von Karen Sørensdatter und des Webers Hans Thomsen Kingo, dessen Vorfahren aus Schottland kamen.[1] Obwohl aus einfachen Verhältnissen stammend, ermöglichten sie ihrem Sohn den Schulbesuch in Slangerup und später in Frederiksborg, wo er unter anderem Literaturgeschichte lernte und 1654 sein Abitur machte. 1658 folgte das Theologieexamen.  Zunächst war er dann Hauslehrer in Frederiksborg und ab 1659 auf dem Gut Vedbygaard, wo er seine ersten Gedichte schrieb. Im Dänischen Biografischen Lexikon (1887–1905) wird hervorgehoben, dass der Humor und die Lebensnähe dieser Gedichte ungewöhnlich für ihre Zeit waren - aber auch für sein späteres weltliches Werk.[2]  1661 wurde Thomas Kingo Hilfspfarrer und 1668 schließlich Gemeindepfarrer in seinem Geburtsort Slangerup. Dort heiratete er die Pfarrerstochter Sille Balkenborg aus Norwegen, die drei Töchter aus vorheriger Ehe hatte. Die Ehe blieb kinderlos und seine Frau verstarb bereits 1670. Ihr widmete er die Weise Chrysillis, du min Verdens Guld (Chrysillis, du mein Gold der Welt). Etwa vier Jahre später heiratete er die Witwe seines Verwalters, Johanne Laurdsdatter Lund, die 13 Jahre älter war als er. Diese Ehe sollte 20 Jahre dauern, wird aber nicht als glücklich beschrieben, was sein dänischer Biograf im 19. Jahrhundert allerdings als normal für die damalige Zeit beschreibt, wo noch nicht so viel Wert auf Ehen aus Liebe gelegt wurde.  In jenen Jahren geriet er in erbitterten Konflikt mit dem satirischen Dichter Jacob Worm. Beide schrieben übereinander Schmähverse, wovon Kingos Kalot das bekannteste Gedicht ist. Es erschien damals anonym. Daneben schuf er in seiner Zeit als Gemeindepfarrer eine ganze Reihe an Gedichten, die sich in drei Kategorien einteilen lassen:  Das Dänische Biografische Lexikon bezeichnet seine weltliche Dichtung als nicht sonderlich überragend, wo sich nur selten der Nebel der Geschmacklosigkeit lichtet und dichterische Inspiration zum Vorschein kommt.[3] Seine patriotischen Verse beschäftigen sich meist mit der Verherrlichung des absolutistischen Herrschers Christian V., was aber zu jener Zeit nicht nur in Dänemark üblich war. Diese Werke stehen unter deutlichem Einfluss aus Deutschland.  Kingos geistliche Dichtung (im Dänischen nennt man sie Psalmendichtung) hingegen genießt einen weit höheren Stellenwert. Hier ging er für seine Zeit neue Wege, die von einer gewissen Stagnation nach der Reformation (in Dänemark 1536) geprägt war. Obwohl er als tüchtiger Pfarrer galt, so war dieses lebendige Werk wohl ausschlaggebend dafür, dass er 1677 zum Bischof von Fünen ernannt wurde. 1679 folgte die Aufnahme Kingos in den Adelsstand. 1682 wurde er Doktor der Theologie.  1683 bekam er vom König den Auftrag, ein neues Gesangbuch herauszugeben, da das bisherige von Hans Thomissøn (1569) als nicht mehr zeitgemäß für den Geschmack der Zeit galt. Nach sechs Jahren Arbeit erschien der erste Teil (Vinterparten – Winterteil) des Danmarks og Norges Kirke forordnede Salmebog (Verordnetes Gesangbuch für die Kirche Dänemarks und Norwegens). Hierzu hatte Kingo an seinem Bischofssitz eine eigene Druckerei eingerichtet. Das Buch enthält 267 Lieder für das Kirchenjahr zwischen dem 1. Advent und Ostern, die Hälfte davon Kingos eigene Werke. Allerdings kam es nicht zur erhofften Auslieferung an alle Gemeinden im Königreich. Stattdessen erschien 1699 das Den Forordnede Kirkepsalmebog, welches immerhin noch 85 Kingopsalmen enthielt. Viele von ihnen stehen heute noch in den Gesangbüchern der dänischen und norwegischen Volkskirche und sind wie Grundtvigs Kirchenlieder Bestandteil des nordischen geistlichen Erbes.  Bereits 1694 verstarb seine Frau Johanne. Im Alter von 60 Jahren heiratete Kingo erneut. Diesmal eine 30 Jahre jüngere Frau, Birgitte Balslev, Arzttochter aus Odense. Diese Ehe wird als glücklich beschrieben, blieb aber kinderlos.  Thomas Kingo litt in seinen letzten Jahren an Steinen und Wundrose. Er starb 1703 im Alter von 68 Jahren. Seine von Thomas Quellinus gestaltetes Grabkapelle befindet sich in der Fraugde Kirke bei Odense.  Während Kingos Werk als der Höhepunkt der dänischen Barockdichtung gilt, sind seine Kirchenlieder in Dänemark und Norwegen heute noch Teil der Gesangbücher, und insbesondere auf den Färöern sind sie lebendiger Teil des dortigen Kulturerbes – ein eigenständiges Musikgenre. In Odense und Slangerup erinnern Denkmäler und Epitaphien (so von Thomas Quellinus) an den Dichter, doch sein größtes Denkmal sind die Psalmen, die heute in Skandinavien fortleben.  Du, o Herr, weißt am besten, wessen ich bedarf, auch das Glück liegt in deinen Händen. Und was mir in jederlei Weise zum Besten dient, siehst du ja bereits; meine Seele, was willst du mehr? Lass nur Gott walten!  (Thomas Kingo: Nu rinder solen op af østerlide 1674)  Auf den Färöern hat Kingos Kirchengesangbuch von 1699 eine Bedeutung erlangt, die heute noch spürbar ist. Auf den Kingopsalmen basierend, entwickelte sich ein eigenes Genre der färöischen Musik, die bis ins 19. Jahrhundert ohne Begleitung von Instrumenten wie der Kirchenorgel auskam, die erst nach dem Bau der färöischen Holzkirchen langsam Einzug hielten. Der deutsche Färöer-Reisende Carl Julian von Graba schrieb 1828 in seinem Tagebuch, geführt auf einer Reise nach Farö zu den Kingoliedern der Färinger:  „der Gesang war das Fürchterlichste, was ich je in meinem Leben gehört habe; jeder brüllt den erstbesten Ton, der ihm in den Sinn kommt.“  An der Bedeutung der Lieder ändert das freilich ebenso wenig, wie an der Hochachtung die Graba an anderer Stelle vor dem hohen geistlichen Bildungsniveau des einfachen Volkes hatte.  Um 1900 verloren die Kingopsalmen ihre alles beherrschende Stellung im geistlichen Leben der Färinger, wurden aber lokal weiterhin als das Kirchenliedgut lebendig gehalten.  Bekannt ist in diesem Zusammenhang die Gemeinde von Tjørnuvík im äußersten Norden der Insel Streymoy, wo erst 1983 eine Orgel eingeführt wurde. Über fast drei Jahrhunderte verließ man sich hier in erster Linie auf Kingo. Der Kingo-Chor des Dorfes spielte eine zentrale Rolle bei dem Projekt des Haus des Nordens, 1988 die färöische Kingo-Gesangstradition zu registrieren. Bereits 1984 erschien die Suite Kingoløg von Kristian Blak, die das alte Liedgut verschiedener Dörfer zur Grundlage hatte.  Die Kingo-Gruppe aus Tjørnuvík trat nicht nur auf dem nationalen Kunstfestival 2001 auf, sondern wurde im Kingojahr 2003 vom Kopenhagener Bischof zu den dortigen Feierlichkeiten eingeladen. Eivør Pálsdóttir sorgte für moderne Interpretationen der Kingopssalmen, die seit 2003 auch als wichtiger Bestandteil des Musikunterrichts auf den Färöern genannt werden. Das damalige nationale Kunstfestival Listastevna Føroya stand unter dem Motto Kingos, und es wurden in verschiedenen Dorfkirchen spezielle Kingo-Gottesdienste abgehalten.  Die originalen Kingogesangbücher finden sich im Archiv der Landesbibliothek der Färöer, werden aber auch im Historischen Museum ausgestellt. Im Gesangbuch der Färöischen Volkskirche finden sich 31 Kingopsalmen, darunter einer noch in altem Dänisch, während alle anderen ins Färöische übersetzt wurden. ",,
Denmark,Gronland,Ísleifur Gissurarson auch Bischof von Island,1056,,https://de.wikipedia.org/wiki/%C3%8Dsleifur_Gissurarson,"Ísleifur Gissurarson (* 1006; † 5. Juli 1080) war der erste Bischof von Island und Grönland.  Im Jahr 1000 übernahm die damalige Republik Island das Christentum per Parlamentsbeschluss als Staatsreligion. Die Christianisierung war durch die mitgebrachten irischen Sklaven und deren Einfluss eingeleitet und durch die Aussendung von Missionaren im 10. Jahrhundert verstärkt worden.  Ísleifur Gissurarson, der Sohn von Þórdís Þóroddsdóttir und Gissur Teitsson aus dem Mosfellingar-Clan erhielt seine kirchliche Ausbildung im ostwestfälischen Herford und wurde 1056 vom Bremer Erzbischof Adalbert zum ersten Bischof von Island und Grönland geweiht.[1]  Er ließ sich auf dem südisländischen Gut Skálholt nieder, wo seine Familie Grund besaß, und gründete dort auch die erste isländische Schule. Gleichzeitig übernahm er auch das Godentum von seinem Vater.  Seine Ehefrau war Dalla Þorvaldsdóttir. Mit dieser hatte er drei Söhne, Þorvaldur, Teitur und Gissur, welcher nach dem Tod seines Vaters das Bischofsamt übernahm. Einer seiner Schüler war Jón Ögmundarson, der später als Bischof von Hólar wirkte.  Als Ísleifur am 5. Juli 1080 in Skálholt starb, hatte er dort 24 Jahre lang den Bischofsstuhl innegehabt.[2]  Sein Sohn Gissur Ísleifsson folgte ihm im Amte nach. ",,
Denmark,Gronland,"Eirikur Gnúpsson Eirik Gnuppson verschollen, möglicherweise an der Ostküste Amerikas, dem von den Wikingern entdeckten „Vinland“",1122,,,,,
Denmark,Gronland,Arnaldr danach Bischof von Hamar,1124,1152,,,,
Denmark,Gronland,Jon Knutr Johannes Kukus,1152,1188,,,,
Denmark,Gronland,Jón Smyrill Jon smyrill Sverrifostri,1188,1209,,,,
Denmark,Gronland,Helgius Augmundi,1212,1230,,,,
Denmark,Gronland,Nicolaus,1239,1240,,,,
Denmark,Gronland,Olaf Olaus,1247,1280,,,,
Denmark,Gronland,Thord Theodorus Bokki,1289,1314,,,,
Denmark,Gronland,Arnius,1343,,,,,
Denmark,Gronland,Jon Johannes Skalle,1343,1358,,,,
Denmark,Gronland,Alfus,1368,,,,,
Denmark,Gronland,"Heinricus danach Bischof von Orkney
Georgius",1386,,,,,
Denmark,Gronland,Petrus Staras O.M.,1389,,,,,
Denmark,Gronland,Johannes von Pentlar vorher Bischof von Orkney,1394,,,,,
Denmark,Gronland,Bertholdus O.M.,1401,,,,,
Denmark,Gronland,Jacobus Treppe alias Petri O.M.,1411,,,,,
Denmark,Gronland,Robertus Ryngman O.M.,1425,,,,,
Denmark,Gronland,Vincentius,1530,,,,,
Denmark,Gronland,Ögmundur Pálsson,1534,,,,,
Denmark,Gronland,"Konrad Eubel Hierarchia catholica medii aevi … ab anno usque ad perducta, Ausg., Band I, Münster S. für den",Zeitra1212,1425.,https://de.wikipedia.org/wiki/Konrad_Eubel,"Konrad Eubel OFMConv (* 19. Januar 1842 in Sinning bei Neuburg/Donau; † 5. Februar 1923 in Würzburg) war ein deutscher Franziskaner-Minorit und Historiker. Sein Geburtsname war Sebastian. Eubel wurde vor allem durch sein Nachschlagewerk Hierarchia Catholica Medii Aevi über die Päpste, Kardinäle und Bischöfe des Mittelalters bekannt. Das Werk umfasst drei Bände und erschien zwischen 1913 und 1923.  Eubel hatte einen Zwillingsbruder mit Namen Johannes. Sein Gymnasialstudium machte er in Dillingen. Währenddessen fasste er den Entschluss, in einen Orden einzutreten. Er schrieb im Oktober 1861 an die Franziskaner-Minoriten in Würzburg, im Volksmund auch „schwarze Franziskaner“ genannt, vor, wurde jedoch als Anwärter abgelehnt. Er stellte sich darauf persönlich vor und wurde dann doch angenommen. Am 30. Juli 1864 kleidete Provinzial Franz Ehrenburg Konrad Eubel ein und gab ihm seinen Taufnamen Konrad als Ordensnamen. Am 1. August 1865 legte Eubel die ewige Profess ab und absolvierte danach ein Studium an der Universität Würzburg. Am 18. März 1868 empfing er vom Würzburger Bischof Georg Anton von Stahl die Priesterweihe. Eubel brauchte dafür eine Dispens des Heiligen Stuhls, denn seine Profess lag noch keine drei Jahre zurück.  Der neu geweihte Ordenspriester wurde in das Minoritenkloster nach Linz am Rhein beordert. 1871 wurde ihm die Wallfahrtsseelsorge im pfälzischen Oggersheim bei Ludwigshafen übertragen. 1875 holte ihn der Orden nach Würzburg zurück. 1880 beteiligte sich Eubel mit großem Einsatz an der Renovierung der Franziskanerkirche Würzburg. Aus diesem Anlass schrieb er 1882 eine Festschrift mit 52 Seiten zur 700-Jahr-Feier der Geburt des Heiligen Franziskus. Pater Eubel verlegte sich jetzt mehr auf das Schreiben. 1886 erschien von ihm das erste bedeutende Werk: Die oberdeutsche (Straßburger) Minoritenprovinz. Dieses Werk mit 408 Seiten wurde außerordentlich hoch geschätzt. Die Theologische Fakultät der Universität in Würzburg ernannte ihn deshalb im Kiliansjahr 1889 zum Ehrendoktor der Theologie. Von 1886 bis 1902 zeichnete der Franziskaner für die Herausgabe des Kalendariums für den katholischen Klerus verantwortlich.  Der Ruf von Pater Konrad war längst bis nach Rom vorgedrungen. Sein Ordensgeneral berief den 46-Jährigen im November 1887 als apostolischen Pönitentiar nach Rom an die Peterskirche. 20 Jahre verblieb er auf diesem Posten. Seine Freizeit verwendete er zum Studium sowie zur Forschung auf dem Gebiet der Ordensgeschichte und im Vatikanischen Geheimarchiv. Dem voraus ging ein Spezialexamen, die Prüfung bestand er 1888.  Zehn Jahre arbeitete Konrad Eubel im Vatikanischen Geheimarchiv an dem Werk Hierarchia Catholica, einer kritischen Veröffentlichung aller Päpste, Kardinäle und Bischöfe seit dem 12. Jahrhundert, belegt durch Urkunden im vatikanischen Archiv. Mit diesem Werk ging Eubel in die Wissenschaftsgeschichte ein. Dieses Nachschlagewerk wurde umgangssprachlich nach seinem Verfasser „Eubel“ genannt. Konrad Eubel bekam für dieses Werk die akademische Auszeichnung Magister der Theologie. 1901 folgte ein zweiter Band und 1910 ein dritter. Sein Werk Geschichte der Kölnischen Minoritenprovinz war der Anlass, Pater Eubel zum Ehrenmitglied der Gesellschaft für Rheinische Geschichtskunde zu ernennen.  Konrad Eubel genoss in Rom großes Ansehen. Er war zugleich auch Beichtvater an St. Peter. Papst Leo XIII. rief ihn am 20. Juli 1903 an sein Sterbebett. Von seinen Jahren gezeichnet, kehrte Konrad Eubel 1906 in seine Heimatprovinz Würzburg zurück und verbrachte dort seinen Lebensabend. Trotz seiner vielen Arbeit besuchte er des Öfteren seinen Heimatort Sinning und zelebrierte hier wie in Leidling die heilige Messe.  Pater Konrad Eubel starb 1923 und wurde in der Würzburger Ordensgruft beigesetzt. ",,
Denmark,Gronland,Greenland in the DiplomatariNorwegicafter archiviert,1364,,,,,
Denmark,Roskilde,Godebald,991,1020,,,,
Denmark,Roskilde,Gerbrand,1022,1029/30,,,,
Denmark,Roskilde,Avaco/Aage,1030,1050,,,,
Denmark,Roskilde,Wilhelm,1060,1073/74,,,,
Denmark,Roskilde,Svend Nordmand,1074,1088,,,,
Denmark,Roskilde,Arnold,1088,1124,,,,
Denmark,Roskilde,Peder,1124,1134,,,,
Denmark,Roskilde,Eskil,1134,1137,https://de.wikipedia.org/wiki/Eskil_von_Lund,"Eskil von Lund (* um 1100; † 1181) war ein dänischer Geistlicher, Mönch und Erzbischof von Lund, das damals zu Dänemark gehörte.  In jungen Jahren verbrachte Eskil viele Jahre im Ausland, meist in Hildesheim und im Clairvaux. Hier kam er in Kontakt zu Abt Bernhard von Clairvaux, einem der bedeutendsten Kirchenmänner seiner Zeit. 1131 wurde Eskil Dompropst in Lund, 1134 Bischof in Roskilde und 1137 schließlich Erzbischof in Lund als Nachfolger seines Onkels Ascer. Als Bischof wurde er in einen Streit mit dem dänischen König Erik Emune hineingezogen, als Erzbischof kämpfte er gegen dessen Neffen Olof, der versuchte, König zu werden. Schon vor seiner Ernennung zum Erzbischof stiftete Eskil Klöster, so u. a. 1135 das Kloster St. Peter in Næstved, 1144 Kloster Herrevad in Schonen und 1145 Kloster Esrom (Esrum) auf Seeland. Im selben Jahr konnte der Dom zu Lund von ihm in Anwesenheit von Bischöfen aus ganz Skandinavien eingeweiht werden.  Als ein neues Erzbistum in Nidaros eingerichtet werden sollte, dem Norwegen, Island und die anderen Stifte im Westen angehören sollten, unternahm der Erzbischof von Bremen einen letzten Versuch, die kirchliche Macht über Skandinavien zu halten. Mit der Unterstützung durch Kaiser Barbarossa versuchte er Eskil davon abzuhalten, doch gelang es diesem, sich gegenüber seinen Widersachern mit päpstlicher Unterstützung durchzusetzen. Dazu reiste er nach Clairvaux und von dort aus im Jahr 1156 weiter nach Rom. Eine Zeit lang war Eskil Gefangener des Kaisers. 1164 erhielt er als päpstlicher Legat den Auftrag, ein drittes Erzbistum in Skandinavien zu gründen. Die Wahl fiel auf Alt-Uppsala und erster Erzbischof wurde Stefan von Uppsala.  Durch einen langen Streit mit Waldemar I. war Eskil gezwungen, von 1161 bis 1168 im Ausland zu leben. Er verbrachte die meiste Zeit in Clairvaux. Erst durch die Vermittlung von Absalon von Lund konnte er zurückkehren. Später nahm er 1169 am Feldzug gegen die Wenden und am Krieg von 1171 teil. Zuvor hatte er Waldemars Sohn Knut in der Klosterkirche von Ringsted zum König von Dänemark gekrönt. Der Papst erlaubte Eskil schließlich 1177 von seinem Amt zurückzutreten. Sein Nachfolger wurde Absalon von Lund, während Eskil Mönch in Clairvaux wurde. ",,
Denmark,Roskilde,Ricco/Rike,1137,1138/39,,,,
Denmark,Roskilde,Asker/Asser,1139,1158,https://de.wikipedia.org/wiki/Asker_(Bischof),"Asker (* ?; † 5. Mai 1137), auch Ascer, Asser, Asger oder Asker Svennson, war ein dänischer Geistlicher und der erste Erzbischof von Lund, das damals zu Dänemark gehörte.  Als Sohn von Sven Torgunnson und dessen Frau Inga gehörte Asker zur damaligen Oberschicht und war mit dem dänischen Königshaus verwandt. Am 18. November 1089 wurde er zunächst zum Bischof von Lund geweiht, unterstand jedoch noch dem Erzbistum Bremen-Hamburg. Auf einer Reise 1095/96 zu Papst Paschalis II., den König Erik um Vermittlung in einem Streit mit dem Erzbistum Hamburg bitten wollte, sprach der König auch den Wunsch nach einem eigenen Erzbistum für den Norden aus. Weitere Verhandlungen mit einem Legaten 1102/03 verliefen offenbar positiv, da bereits in einem Brief des Papstes vom 8. Mai 1104 von einem Erzbistum Lund die Rede ist. Somit wurde die kirchliche Unabhängigkeit vom Erzbistum Bremen-Hamburg erreicht und Lund zum kirchlichen Zentrum Dänemarks, dem auch die Kirchen von Island, Norwegen und Schweden unterstanden. Von diesem Zeitpunkt an war Asker Erzbischof.  Asker hatte mehrere Brüder, die ebenfalls in hohen Ämtern waren. Eskil, der Sohn von Askers Bruder Kristian, wurde nach Askers Tod dessen Nachfolger. ",,
Denmark,Roskilde,Absalon,1158,1191,https://de.wikipedia.org/wiki/Absalon_von_Lund,"Absalon (* 1128 in Fjenneslev; † 21. März 1201 in Sorø auf Seeland in Dänemark) war ein Bischof von Roskilde und Erzbischof von Lund (heute Schweden), Kirchen- und Klostergründer, Heerführer und Berater der Dänenkönige Waldemar I. der Große (1157–1182) und Knut VI. (1182–1202). Der Erzbischof ist auch als Axel von Lund bekannt und als eine der bedeutendsten Gestalten der dänischen Kirchengeschichte des Mittelalters in die Annalen eingegangen. Er trieb die dänischen Machtansprüche im Ostseeraum voran.  Absalon stammt aus dem einflussreichen Adelsgeschlecht der Hvide (Weiss); sein Vater war Asser Rig (ungefähr 1080–1151), Freund von Knud Lavard und der mächtigste Mann des Reiches, seine Mutter vermutlich dessen Ehefrau Inger Eriksdatter. In seinem Elternhaus wuchs der spätere König Waldemar I. auf. Mit ihm verband ihn eine lebenslange Ziehbrüder-Freundschaft.[1] Absalons älterer Bruder war Esbern Snare.  Absalon studierte in Paris Theologie und Kirchenrecht. Er schloss Freundschaft mit dem Kanoniker Vilhelm des Klosters St. Genoveva, den er so schätzen lernte, dass er ihn später zum Abt erst über das Kloster Eskilsø, später über das Kloster Æbelholt berief. 1157 war er im Gefolge Waldemars bei den Vergleichsverhandlungen zwischen den Mitkönigen Knut und Sven in Roskilde und entkam dort nur knapp dem Mordanschlag Svens. Später beteiligte sich Absalon und sein Bruder Esbern Snare an der Schlacht auf der Grathe Hede (bei Silkeborg), bei der Sven, ein Konkurrent Waldemars um den Thron Dänemarks, getötet wurde.  Mit 30 Jahren wurde er Bischof von Roskilde und mit 50 Primas der dänisch-schwedischen Kirche und als Nachfolger Eskils Erzbischof von Lund in Schonen. Dass er 1167 am Öresund ein Kloster gründete, aus dem die dänische Hauptstadt Kopenhagen erwuchs, ist inzwischen widerlegt.[2] Mit Waldemar I. und Absalon erhielt das durch den „Prinzenkrieg“ geschwächte Dänemark wieder zwei fähige und energische Potentaten an der weltlichen und geistlichen Spitze des Reiches, die die dänische Hegemonie im Ostseeraum vorantrieben. Beide konzentrierten sich zunächst auf die Eroberung der slawischen Insel Rügen und der Vernichtung des heidnischen Götzenkults der einheimischen Ranen.  Im Mai 1168 erwies sich der Zeitpunkt dafür reif. Eine vereinigte Flotten- und Heeresmacht der verbündeten Dänen, Mecklenburger und Pommern unter dem Oberbefehl Absaolons landete an der Westküste Rügens. Danach marschierten die Truppen unter Führung Waldemars und Absalons auf Kap Arkona zu. Eine wochenlange Belagerung des Hauptheiligtums der Insel begann. Die ranischen Verteidiger Arkonas unter ihren Fürsten Jaromar I. und Tezlaw kapitulierten angesichts der feindlichen Übermacht am 15. Juni 1168, nach anderen Quellen, bereits zu Pfingsten, ohne größeren Widerstand. Ranische Unterhändler unterbreiteten Absalon, der den großen hölzernen Götzen Svantovit verbrennen ließ, die Kapitulation und verhinderten damit die Erstürmung und Niederbrennung der Tempelburg. Die archäologische Stätte Jaromarsburg auf Arkona erinnert heute noch daran. Außerdem musste von der Priesterschaft der Tempelschatz ausgeliefert und die Annahme des Christentums garantiert werden. Der Feldzug endete damit, dass Mecklenburg der deutschen und das Fürstentum Rügen der dänischen Herrschaft unterworfen wurde. Die Pommernherzöge Bogislaw I. und Kasimir I. sahen sich bei der Abfindung betrogen und zogen sich als Bündnispartner Dänemarks zurück. Absalon und sein König wurden nun entschiedene Gegner Pommerns.[3]  Als Erzbischof Eskil 1177 sein Amt niederlegte, bestimmte er Absalon gegen dessen Willen zu seinem Nachfolger. Absalon fürchtete, seine Machtbasis in Seeland zu verlieren. Deshalb erlaubte ihm der Papst, neben seinem Erzbischofsamt weiterhin Bischof von Roskilde zu bleiben.[4]  Sein Drängen auf Abführung des Zehnten und strenge Durchführung des Priesterzölibats führte 1181 zum Bauern- und Priesteraufstand in Schonen und u. a. zur „Schlacht an der Dösjebro“.  Seine Reiterstatue steht auf dem Højbro Platz in Kopenhagen. Sein Nachfolger (1201–1222) in Lund wurde Andreas Sunononis (dän. Suneson).  Auf Absalons Veranlassung verfasste Saxo Grammaticus zwischen 1185 und 1208 die 16 Bücher der Gesta Danorum oder »Historia Danica«, eines der Quellenwerke zur nordischen Geschichts- und Sagenwelt.  Absalons älterer Bruder Esbern Asserson Snare ließ die Burg von Kalundborg errichten. 1179 baute oder erwarb er die Kirche von Ubby.  Nach Absalon von Lund ist die Klasse von Kommando- und Unterstützungsschiffen der dänischen Marine sowie das ihr zugehörige Schiff Absalon benannt. ",,
Denmark,Roskilde,Anders Sunesen,1191,1214,,,,
Denmark,Roskilde,Peder Jakobsen,1214/15,1224/25,,,,
Denmark,Roskilde,Niels Stigsen,1225,1249,,,,
Denmark,Roskilde,Jakob Erlandsen,1249,1254,https://de.wikipedia.org/wiki/Jakob_Erlandsen,"Jakob Erlandsen (* im 12. oder 13. Jahrhundert; † 18. Februar 1274 auf Rügen) war Erzbischof von Lund. Seine Eltern hießen Erland und Caecilie.  Er nahm als Dompropst in Lund als Advokat für Erik Plogpenning 1245 am ersten Konzil in Lyon teil. Aber er stimmte gegen den Wunsch des Königs für Niels Stigsen als Bischof von Roskilde. Daraufhin wurden seine kirchlichen Einkünfte und sein Erbe beschlagnahmt. Später kam es zu einem Vergleich mit dem König. 1250 wurde er zum Bischof von Roskilde ernannt. Auf Veranlassung des Papstes erhielt er sein Gut zurück und Kopenhagen dazu. Kopenhagen erhielt von ihm 1254 sein erstes Stadtrecht. Im selben Jahr wurde er Erzbischof in Lund. Er errichtete Schulen in Roskilde und Lund. Er geriet in einen schweren Konflikt mit König Christoffer, weil er den absoluten Primat der Kirche über alles weltliche Recht vertrat.  Auf der Synode von Vejle 1256 wurde beschlossen, dass jedwede Gewalt gegen einen Bischof oder Gefangennahme eines Bischofs zum Interdikt führe.  Im Konflikt mit dem König wurden ihm alle Privilegien abgesprochen. Er weigerte sich, den Sohn des Königs Erik als Thronfolger zu krönen und verbündete sich mit den Feinden des Königs, so dass er 1259 gefangengesetzt wurde. Er wurde nach dem Tode König Christoffers, der im selben Jahr starb, von der Königinwitwe Margarete Sambiria freigelassen. Er setzte seinen Widerstand gegen das Königshaus fort, hielt sich aber meist im benachbarten Ausland auf.  1272 legte er seinen Fall dem Papst in Rom vor, wo er zu einem Vergleich aufgefordert wurde.  Als er aus Rom zurückkam, wurde er 1274 in Rügen mit einem Schuss aus einer Armbrust ermordet, wie eine neuere Untersuchung der Leiche ergeben hat. ",,
Denmark,Roskilde,Peder Bang,1254,1277,https://de.wikipedia.org/wiki/Peder_Bang,"Peder Bang († 23. Juni 1277) war 1254 bis 1277 Bischof von Roskilde.  Er wurde Nachfolger von Jakob Erlandsen, als dieser Erzbischof von Lund wurde. Er war der Schwestersohn von Jakob Erlandsen und sein treuester Anhänger. Sein Vater ist unbekannt.  Als König Christoph I. am 6. Februar 1259 den Erzbischof gefangen setzte, leistete Peder Bang heftigen Widerstand. Am 9. April 1259 verhängte er das Interdikt über sein Bistum, und im April desselben Jahres zog er mit dem Heer des Fürsten Jaromar II., seines Onkels,[1] von Rügen nach Kopenhagen, eroberte es und zerstörte das Schloss.  Am 29. Mai 1259 starb König Christoph plötzlich in Ribe. Die Königinwitwe Margarete Sambiria mobilisierte die Bauern von Seeland, aber Jaromar fügte ihnen eine blutige Niederlage zu. In der nachfolgenden Auseinandersetzung belegte der Bischof sowohl den jungen König Erik Klipping als auch die Königinwitwe mit dem Kirchenbann. Jedoch musste er mit dem inzwischen freigelassenen Erzbischof außer Landes gehen. Dort musste er erleben, dass Papst Alexander IV. die Verwaltung seines Bistums seinem Widersacher Tyge von Arhus übertrug.  1268 zog er aller Wahrscheinlichkeit mit dem Erzbischof nach Rom, wo er mehrere Jahre blieb. Es schien ein Vergleich zwischen den Kontrahenten möglich zu werden. Auf dem Heimweg nach Dänemark wurde der Erzbischof im Februar 1274 auf Rügen ermordet. Peder Bang reiste allein weiter, und im Mai 1274 kam es zu einem Vergleich zwischen ihm und dem König. ",,
Denmark,Roskilde,Stig Name ist unsicher,1278,1280,,,,
Denmark,Roskilde,Ingvar Name ist unsicher,1280,1290,,,,
Denmark,Roskilde,Johann / Jens Krag,1290,1300,,,,
Denmark,Roskilde,Oluf,1301,1320,,,,
Denmark,Roskilde,Johann / Jens Hind,1321,1330,,,,
Denmark,Roskilde,Johann / Jens Nyborg,1330,1344,,,,
Denmark,Roskilde,Jakob Poulsen,1344,1350,,,,
Denmark,Roskilde,Henrik Gertsen,1350,1368,,,,
Denmark,Roskilde,Niels Jepsen Ulfeldt,1368,1395,,,,
Denmark,Roskilde,Peder Jensen Lodehat,1395,1416,https://de.wikipedia.org/wiki/Peder_Jensen_Lodehat,"Peder Jensen Lodehat, latinisiert Petrus Johannis Lodehat († 19. Oktober 1416) war ein dänischer Bischof und enger Vertrauter der Regentin Margarethe I.  Seine Eltern, sein Geburtsort und sein Geburtsdatum sind nicht bekannt.  Er gehörte einem Adelsgeschlecht aus Seeland an. Dieses führte in seinem Wappen einen Männerkopf mit einer runden Kopfbedeckung ähnlich einem Judenhut. Daher stammte auch ihr Beiname, den die Familienmitglieder selbst nie benutzten. Peder Jensen wird das erste Mal im November 1375 erwähnt, als Margarethe I. den Kanoniker Peder Jensen unmittelbar nach dem Tod seines Vaters im Dom zu Roskilde mit Landbesitz in Udby belehnt. 1382 verschaffte sie ihm das Bistum Växjö. Es gehörte zu ihrer Politik, die Bistümer mit gut ausgebildeten Männern des niederen Adels zu besetzen, die ihr dann treu ergeben waren.[1] Ihr politisches Ziel war es, eine möglichst breite loyale Unterstützung für die Wahl ihres Sohnes Olav zum König zu gewinnen.[2]  Als 1386 das Bistum Aarhus vakant wurde, wurde Peder Jensen dorthin versetzt. Im folgenden Jahr beteiligte er sich als dänischer Reichsrat an der Wahl Margarethes I. zum „bevollmächtigten Vormund des Reiches“. Von da an blieb er bis zu ihrem Tod als Freund und Ratgeber an ihrer Seite. 1395 übernahm er das Bistum Roskilde, wurde Reichskanzler und verwahrte das Reichssiegel.  Er nahm 1395 an wichtigen Unionstreffen in Helsingborg und auf Lindholmen und im folgenden Jahr an der Zusammenkunft mit Gerhard VI. in Assens teil, als die Frage der Lehnsverpflichtungen der Schaumburger gegenüber dem neugewählten König Erich erstmals aufkam. 1397 besiegelte er mit anderen den Unionsvertrag von Kalmar. Er unterstützte mit den Mitteln seines Bistums Margarethe auch finanziell. 1401 hatte er gegen diese eine Darlehensforderung von mindestens 40.000 Lübische Mark und bekam Skanør und Falsterbo mit den dazugehörenden Zolleinnahmen als Pfand, das 1407 wieder eingelöst wurde. Er kümmerte sich besonders um das von Margarethe gegründete Nonnenkloster der Dominikaner der Heiligen Agnethe (Agnes) in Gaunø. Er wurde auch damit betraut, die großen finanziellen Stiftungen Margaretes für Kirchen, Klöster und Arme in allen drei Reichen zu verwalten. Im Juli 1413 fällte er das Urteil auf dem Lehnsgericht in Nyborg gegen den holsteinischen Adel und erklärte die Familie von Heinrich III. von Schauenburg-Holstein des Lehens von Schleswig wegen Rechtsbruchs für verlustig.  Neben seinem politischen Wirken setzte er sich auch für die kirchlichen Belange ein. Im Dom zu Aarhus stiftete er einen Altar zum Heiligen Kreuz und im Dom zu Roskilde baute er eine Kapelle, die dem Heiligen Siegfried, dem Schutzpatron von Växjö, geweiht war.  Der Artikel beruht im Wesentlichen auf dem Artikel von Thelma Jexlev, Henry Bruun. ",,
Denmark,Roskilde,Jens Andersen Lodehat,1416,1431,,,,
Denmark,Roskilde,Jens Pedersen Jernskæg,1431,1448,,,,
Denmark,Roskilde,Oluf Daa,1449,1461,,,,
Denmark,Roskilde,Oluf Mortensen Baden,1461,1485,,,,
Denmark,Roskilde,Niels Skave,1485,1500,,,,
Denmark,Roskilde,Johan Jepsen Ravensberg,1500,1512,,,,
Denmark,Roskilde,Lage Urne,1512,1529,,,,
Denmark,Roskilde,Joachim Rønnow,1529,1536,,,,
Denmark,Roskilde,Peder Palladius,1537,1560,https://de.wikipedia.org/wiki/Peder_Palladius,"Peder Palladius (* 1503 in Ribe; † 3. Januar 1560 in Kopenhagen) war ein lutherischer Theologe und Reformator Dänemarks.  Palladius wirkte zuerst als Rektor der Lateinschule in Odense. Im Jahre 1531 ging er zum Studium der Theologie nach Wittenberg und studierte bei Martin Luther und Philipp Melanchthon. 1533 erwarb er den Magistergrad und wurde 1537 zum Doktor der Theologie promoviert. Anschließend kehrte er nach Dänemark zurück, wo er auf Befehl von König von Christian III. durch Johannes Bugenhagen zum ersten Bischof von Seeland (Sjælland) und damit zum Primas der Dänischen Kirche ordiniert wurde. An der von Bugenhagen reorganisierten Universität Kopenhagen lehrte Palladius gleichzeitig als Professor der Theologie und amtierte zweimal als Rektor.[1] Als Bischof wirkte er vor allem durch Visitationen und den Aufbau eines evangelischen Schulwesens. Durch seine Übersetzungen von Werken Luthers und anderer Wittenberger ins Dänische sowie seine Beteiligung an der ersten vollständigen Bibelübersetzung wurde er für die ganze lutherische Kirche Dänemarks bedeutsam. ",,
Denmark,Roskilde,Hans Albertsen,1560,1569,,,,
Denmark,Roskilde,Povl Johan Madsen,1569,1590,,,,
Denmark,Roskilde,Peder Jensen Winstrup,1590,1614,,,,
Denmark,Roskilde,Hans Poulsen Resen,1614,1638,,,,
Denmark,Roskilde,Jesper Rasmussen Brochmand,1638,1652,https://de.wikipedia.org/wiki/Jesper_Rasmussen_Brochmand,"Jesper Rasmussen (auch Caspar Erasmus) Brochmand (* 5. August 1585 in Køge; † 19. April 1652 in Kopenhagen) war ein dänischer lutherischer Theologe.  Brochmand wurde als Sohn des Bürgermeisters Rasmus Sørensen Brochmand (1537–1599) geboren. Nachdem er in der damals berühmten Schule Herlufsholm seine erste Ausbildung erhalten und von 1603 bis 1608 an den Universitäten Leiden und Franeker studiert hatte, stellte ihn 1610 die Universität Kopenhagen als Pädagogikprofessor ein. Drei Jahre darauf übernahm er auch den Unterricht der griechischen Sprache. Als Nachfolger von Hans Poulsen Resen (1561–1638), mit dem er befreundet war, 1615 zum Professor der Theologie aufgestiegen, folgte er diesem 1639 auch im Amt des Bischofs von Roskilde, das er bis zu seinem Tod im Alter von 66 Jahren ausübte. 1617–1620 amtierte er als Lehrer des Kronprinzen Christian, des Sohns des Königs Christian IV., sowie 1623/24 und 1629/30 als Rektor der Universität Kopenhagen[1].  Brochmand wird zu den wichtigsten Vertretern der lutherischen Orthodoxie gezählt. Er setzte sich nicht nur in Dänemark gegen den Einfluss von Reformierten sowie Jesuiten ein, sondern wirkte mit seinem an der Konkordienformel orientierten Systema auch in Deutschland. Als Bischof führte er die flächendeckende Führung von Kirchenbüchern ein, schaffte den lateinischen Chorgesang ab und begründete die mittwöchlichen Predigten in der Fastenzeit. Seine Hauspostille wurde noch im 19. Jahrhundert benutzt.   ",,
Denmark,Roskilde,Hans Hansen Resen,1652,1653,,,,
Denmark,Roskilde,Laurids Scavenius,1653,1655,,,,
Denmark,Roskilde,Hans Svane,1655,1668,,,,
Denmark,Roskilde,Hans Wandal,1668,1675,"https://de.wikipedia.org/wiki/Hans_Wandal_(Theologe,_1624)","Hans Wandal (auch Johann Wandalin) (* 26. Januar 1624 in Viborg; † 1. Mai 1675 in Kopenhagen) war ein dänischer lutherischer Theologe und Bischof.  Wandal, Sohn des Bischofs Hans Iversen Wandal, studierte ab 1642 in Kopenhagen sowie auf einer längeren Auslandsreise in Leiden, Straßburg, Basel und Leipzig. 1651 nach Dänemark zurückgekehrt, wurde er 1652 Professor für Hebräisch an der Universität Kopenhagen, 1655 Professor für Theologie und 1657 Dr. theol. Von 1659 bis 1661 war er Rektor der Universität.  Wandals berühmtestes Werk, die «Juris Regii libri VI» (Sechs Bücher über das Majestätsrecht), erschien 1663–1672. Hier rechtfertigte Wandal den königlichen Absolutismus, den König Friedrich III. im  Kongelov (Königsgesetz) 1661 formulieren und 1665 verfassungsmäßig festlegen ließ. Wandal argumentiert vorwiegend mit der Stellung der Könige im Alten Testament, zieht aber auch die Theologie Martin Luthers heran.  1668 berief der König ihn zum Bischof von Seeland (Sjælland) und damit zum Primas der Dänischen Kirche. Wandal blieb aber Dekan der Theologischen Fakultät. Sein gleichnamiger Sohn Hans Wandal (Theologe, 1656) wurde ebenfalls Theologieprofessor in Kopenhagen. ",,
Denmark,Roskilde,Hans Bagger,1675,1693,,,,
Denmark,Roskilde,Henrik Bornemann,1693,1710,,,,
Denmark,Viborg,Heribert,1065,1095,,,,
Denmark,Viborg,Svend I.,1106,1112,,,,
Denmark,Viborg,Eskil,1112,1133,,,,
Denmark,Viborg,Svend II.,1133,1153,,,,
Denmark,Viborg,Niels I.,1153,1191,,,,
Denmark,Viborg,Gunner,1152,1251,https://de.wikipedia.org/wiki/Gunner_(Viborg),"Gunner (* 1152; † 25. August 1251 in Asmild (heute Teil der Kommune Viborg)) war ein dänischer Geistlicher und Bischof des Bistums Viborg. Besondere Bedeutung hat er als Hauptverfasser des Jütischen Rechts.  Gunner studierte in Paris und galt als einer der bedeutendsten Gelehrten Dänemarks. 1208 trat er in den Orden der Zisterzienser ein und wurde 1216 Abt im Kloster Øm. Als er 1222 mit 70 Jahren zum Bischof in Viborg gewählt wurde, galt er nur als Übergangskandidat. Er förderte das klösterliche Leben und zog sich gern in das Kloster Asmild zurück, wo er nach seinem schon 1245 beantragten Rücktritt starb. Schon gut ein Jahrzehnt nach seinem Tod wurde die Vita Gunneri episcopi Viborgensis verfasst.  Zur Erinnerung an sein Wirken dient die 2000 gegründete Bisp Gunners Gilde. ",,
Denmark,Viborg,Jacob Moltke,1367,1396,,,,
Denmark,Viborg,Lave Glob, ?,1427,,,,
Denmark,Viborg,Thorleif Olafssøn,1438,1450,,,,
Denmark,Viborg,Knud Mikkelsen,1451,1478,,,,
Denmark,Viborg,Niels Glob,1478,1498,,,,
Denmark,Viborg,Jørgen Friis,1494,1547,,,,
Denmark,Viborg,Jacob Schøning,1490,1549,,,,
Denmark,Viborg,Kjeld Juel,1549,1571,,,,
Denmark,Viborg,Peder Thøgersen,1532,1595,,,,
Denmark,Viborg,Hans Iversen Wandal,1579,1641,https://de.wikipedia.org/wiki/Hans_Iversen_Wandal,"Hans Iversen Wandal (* 20. August 1579 in Ribe; † 16. Dezember 1641 in Viborg) war ein dänischer lutherischer Theologe und Bischof.  Nach dem Studium an der Universität Kopenhagen reiste Wandal 1601 nach Deutschland, um Wittenberg und andere Universitäten zu besuchen. Nach der Rückkehr wurde er 1602 Hauslehrer und unternahm weitere Auslandsreisen. In Straßburg erlangte er den Magistergrad. 1613 wurde er Pfarrer in Odense.  1617 ernannte König Christian IV. ihn zum Bischof von Viborg. 1620 wurde er zum  Dr. theol. promoviert. Er setzte sich für eine schärfere Kirchenzucht ein. Der Theologieprofessor und Bischof Hans Wandal (1624–1675) war sein Sohn. ",,
Denmark,Viborg,Peder Villadsen,1610,1673,,,,
Denmark,Viborg,Søren Glud,1621,1693,,,,
Denmark,Viborg,Henrik Gerner,1629,1700,,,,
